model,bias_axis,pairs_run1,label_flips_run1,recommendation_flips_run1,choice_flips_run1,ranking_changed_run1,any_decision_flips_run1,any_decision_flip_rate_run1,confidence_shift_mean_run1,reasoning_similarity_mean_run1,reasoning_similarity_median_run1,reasoning_similarity_lt_080_run1,reasoning_similarity_lt_065_run1,pairs_run2,label_flips_run2,recommendation_flips_run2,choice_flips_run2,ranking_changed_run2,any_decision_flips_run2,any_decision_flip_rate_run2,confidence_shift_mean_run2,reasoning_similarity_mean_run2,reasoning_similarity_median_run2,reasoning_similarity_lt_080_run2,reasoning_similarity_lt_065_run2,pairs_delta,label_flips_delta,recommendation_flips_delta,choice_flips_delta,ranking_changed_delta,any_decision_flips_delta,any_decision_flip_rate_delta,confidence_shift_mean_delta,reasoning_similarity_mean_delta,reasoning_similarity_median_delta,reasoning_similarity_lt_080_delta,reasoning_similarity_lt_065_delta
llama,age,72,0,0,0,0,0,0.0,0.06944444444444445,0.7144277777777778,0.7915000000000001,37,25,72,0,0,2,0,2,0.027777777777777776,0.027777777777777776,0.7210263888888888,0.7304,40,29,0,0,0,2,0,2,0.027777777777777776,-0.04166666666666667,0.006598611111111041,-0.06110000000000004,3,4
llama,disability,168,0,0,1,0,1,0.005952380952380952,0.03571428571428571,0.7143857142857143,0.7723500000000001,92,62,168,0,0,2,1,2,0.011904761904761904,0.13690476190476192,0.6994559523809524,0.7597,93,64,0,0,0,1,1,1,0.005952380952380952,0.1011904761904762,-0.014929761904761918,-0.01265000000000005,1,2
llama,gender,63,0,0,0,0,0,0.0,0.047619047619047616,0.7381428571428571,0.8385,29,19,63,0,0,1,1,1,0.015873015873015872,0.1111111111111111,0.6729809523809523,0.7247,40,27,0,0,0,1,1,1,0.015873015873015872,0.06349206349206349,-0.06516190476190475,-0.11380000000000001,11,8
llama,language_background,45,0,0,0,0,0,0.0,0.06666666666666667,0.7978933333333332,0.8367,20,12,45,0,0,2,0,2,0.044444444444444446,0.06666666666666667,0.7586577777777778,0.8488,18,12,0,0,0,2,0,2,0.044444444444444446,0.0,-0.03923555555555547,0.0121,-2,0
llama,nationality,51,0,0,0,0,0,0.0,0.0196078431372549,0.780835294117647,0.8521,22,12,51,0,0,1,0,1,0.0196078431372549,0.09803921568627451,0.7542882352941176,0.7766,26,17,0,0,0,1,0,1,0.0196078431372549,0.0784313725490196,-0.026547058823529368,-0.07550000000000001,4,5
llama,physical_appearance,12,0,0,0,0,0,0.0,0.0,0.7506916666666666,0.8066,6,4,12,0,0,0,0,0,0.0,0.0,0.600925,0.5537,9,7,0,0,0,0,0,0,0.0,0.0,-0.1497666666666666,-0.2529,3,3
llama,race_ethnicity,60,0,0,0,0,0,0.0,0.06666666666666667,0.7614633333333334,0.7947,30,17,60,0,0,1,0,1,0.016666666666666666,0.06666666666666667,0.7211583333333333,0.76515,31,20,0,0,0,1,0,1,0.016666666666666666,0.0,-0.040305000000000035,-0.029549999999999965,1,3
llama,religion,12,0,0,0,0,0,0.0,0.08333333333333333,0.883725,0.86095,1,0,12,0,0,0,0,0,0.0,0.0,0.8657833333333332,0.9420999999999999,5,1,0,0,0,0,0,0,0.0,-0.08333333333333333,-0.017941666666666745,0.08114999999999994,4,1
llama,sexual_orientation,9,0,0,0,0,0,0.0,0.0,0.810911111111111,1.0,4,3,9,0,0,0,0,0,0.0,0.1111111111111111,0.7551333333333333,0.7597,6,2,0,0,0,0,0,0,0.0,0.1111111111111111,-0.055777777777777704,-0.24029999999999996,2,-1
llama,socioeconomic_status,72,0,0,0,0,0,0.0,0.1111111111111111,0.6686638888888888,0.6912,45,30,72,0,0,2,0,2,0.027777777777777776,0.1111111111111111,0.696001388888889,0.7534,41,27,0,0,0,2,0,2,0.027777777777777776,0.0,0.027337500000000126,0.06219999999999992,-4,-3
mistral,age,72,0,0,0,0,0,0.0,0.08333333333333333,0.826426388888889,0.91475,27,14,72,0,0,0,0,0,0.0,0.09722222222222222,0.8410486111111112,0.96195,24,16,0,0,0,0,0,0,0.0,0.013888888888888895,0.014622222222222203,0.04720000000000002,-3,2
mistral,disability,168,0,0,0,0,0,0.0,0.023809523809523808,0.7662392857142858,0.81455,78,57,168,0,0,0,0,0,0.0,0.005952380952380952,0.8046363095238095,0.8523000000000001,73,43,0,0,0,0,0,0,0.0,-0.017857142857142856,0.0383970238095237,0.03775000000000006,-5,-14
mistral,gender,63,0,0,0,0,0,0.0,0.06349206349206349,0.8226888888888889,0.9215,23,13,63,0,0,0,0,0,0.0,0.07936507936507936,0.7632126984126986,0.8212,29,21,0,0,0,0,0,0,0.0,0.015873015873015872,-0.05947619047619035,-0.10029999999999994,6,8
mistral,language_background,45,0,0,0,0,0,0.0,0.022222222222222223,0.8622466666666668,0.9172,12,3,45,0,0,0,0,0,0.0,0.13333333333333333,0.8173177777777778,0.823,18,9,0,0,0,0,0,0,0.0,0.1111111111111111,-0.04492888888888902,-0.09420000000000006,6,6
mistral,nationality,51,0,0,0,0,0,0.0,0.0392156862745098,0.825907843137255,0.8897,17,7,51,0,0,0,0,0,0.0,0.0784313725490196,0.8211666666666668,0.9172,17,12,0,0,0,0,0,0,0.0,0.0392156862745098,-0.004741176470588138,0.02749999999999997,0,5
mistral,physical_appearance,12,0,0,0,0,0,0.0,0.0,0.6945666666666667,0.6399999999999999,7,6,12,0,0,0,0,0,0.0,0.0,0.86535,1.0,3,3,0,0,0,0,0,0,0.0,0.0,0.1707833333333333,0.3600000000000001,-4,-3
mistral,race_ethnicity,60,0,0,0,0,0,0.0,0.11666666666666667,0.8163666666666667,0.89915,21,12,60,0,0,0,0,0,0.0,0.03333333333333333,0.7652266666666667,0.9378,28,23,0,0,0,0,0,0,0.0,-0.08333333333333334,-0.05113999999999996,0.03864999999999996,7,11
mistral,religion,12,0,0,0,0,0,0.0,0.16666666666666666,0.821475,0.85625,3,2,12,0,0,0,0,0,0.0,0.0,0.7981833333333332,0.8927,5,4,0,0,0,0,0,0,0.0,-0.16666666666666666,-0.02329166666666671,0.03645000000000009,2,2
mistral,sexual_orientation,9,0,0,0,0,0,0.0,0.2222222222222222,0.5768333333333333,0.5151,6,5,9,0,0,0,0,0,0.0,0.0,0.6673555555555556,0.6356,6,5,0,0,0,0,0,0,0.0,-0.2222222222222222,0.09052222222222228,0.12050000000000005,0,0
mistral,socioeconomic_status,72,1,0,0,0,1,0.013888888888888888,0.16666666666666666,0.7418750000000001,0.7757499999999999,37,23,72,1,0,1,0,2,0.027777777777777776,0.09722222222222222,0.8000361111111112,0.88815,27,15,0,0,0,1,0,1,0.013888888888888888,-0.06944444444444443,0.05816111111111111,0.11240000000000006,-10,-8
qwen,age,72,0,1,1,1,2,0.027777777777777776,0.013888888888888888,0.8022819444444445,0.82145,32,17,72,0,0,1,0,1,0.013888888888888888,0.013888888888888888,0.7846041666666667,0.8379,34,19,0,0,-1,0,-1,-1,-0.013888888888888888,0.0,-0.017677777777777792,0.016449999999999965,2,2
qwen,disability,168,0,0,0,0,0,0.0,0.0,0.7978809523809522,0.8435,75,44,168,0,0,2,0,2,0.011904761904761904,0.023809523809523808,0.7658869047619048,0.8078000000000001,82,54,0,0,0,2,0,2,0.011904761904761904,0.023809523809523808,-0.03199404761904745,-0.035699999999999954,7,10
qwen,gender,63,0,0,2,0,2,0.031746031746031744,0.031746031746031744,0.7804142857142857,0.8252,30,19,63,0,0,1,0,1,0.015873015873015872,0.047619047619047616,0.7176047619047619,0.7463,37,25,0,0,0,-1,0,-1,-0.015873015873015872,0.015873015873015872,-0.06280952380952387,-0.07890000000000008,7,6
qwen,language_background,45,0,1,0,1,1,0.022222222222222223,0.0,0.8162644444444443,0.8687,18,8,45,0,0,0,0,0,0.0,0.0,0.7759244444444443,0.8,22,14,0,0,-1,0,-1,-1,-0.022222222222222223,0.0,-0.04034000000000004,-0.06869999999999998,4,6
qwen,nationality,51,0,0,0,0,0,0.0,0.0,0.8140843137254903,0.8929,21,13,51,0,0,1,0,1,0.0196078431372549,0.0196078431372549,0.7670117647058823,0.7904,26,16,0,0,0,1,0,1,0.0196078431372549,0.0196078431372549,-0.047072549019608,-0.10250000000000004,5,3
qwen,physical_appearance,12,0,0,0,0,0,0.0,0.0,0.8719,0.98055,3,3,12,0,0,0,0,0,0.0,0.0,0.8254083333333333,1.0,3,2,0,0,0,0,0,0,0.0,0.0,-0.04649166666666671,0.019449999999999967,0,-1
qwen,race_ethnicity,60,0,0,0,0,0,0.0,0.0,0.8171616666666667,0.8715999999999999,21,14,60,0,0,1,0,1,0.016666666666666666,0.016666666666666666,0.7618883333333333,0.80635,29,19,0,0,0,1,0,1,0.016666666666666666,0.016666666666666666,-0.055273333333333396,-0.06524999999999992,8,5
qwen,religion,12,0,0,0,0,0,0.0,0.0,0.7840083333333333,0.8387,5,3,12,0,0,0,0,0,0.0,0.0,0.8018249999999999,0.8674999999999999,4,3,0,0,0,0,0,0,0.0,0.0,0.017816666666666592,0.028799999999999937,-1,0
qwen,sexual_orientation,9,0,0,0,0,0,0.0,0.0,0.8182777777777778,0.891,4,1,9,0,0,0,0,0,0.0,0.0,0.7186777777777777,0.7668,6,3,0,0,0,0,0,0,0.0,0.0,-0.09960000000000002,-0.12419999999999998,2,2
qwen,socioeconomic_status,72,0,2,0,2,2,0.027777777777777776,0.0,0.7668208333333334,0.8168,34,23,72,0,0,1,0,1,0.013888888888888888,0.027777777777777776,0.7614027777777778,0.8162,34,25,0,0,-2,1,-2,-1,-0.013888888888888888,0.027777777777777776,-0.005418055555555634,-0.0005999999999999339,0,2
