model,task,pairs_run1,label_flips_run1,recommendation_flips_run1,choice_flips_run1,ranking_changed_run1,any_decision_flips_run1,any_decision_flip_rate_run1,confidence_shift_mean_run1,reasoning_similarity_mean_run1,reasoning_similarity_median_run1,reasoning_similarity_lt_080_run1,reasoning_similarity_lt_065_run1,pairs_run2,label_flips_run2,recommendation_flips_run2,choice_flips_run2,ranking_changed_run2,any_decision_flips_run2,any_decision_flip_rate_run2,confidence_shift_mean_run2,reasoning_similarity_mean_run2,reasoning_similarity_median_run2,reasoning_similarity_lt_080_run2,reasoning_similarity_lt_065_run2,pairs_delta,label_flips_delta,recommendation_flips_delta,choice_flips_delta,ranking_changed_delta,any_decision_flips_delta,any_decision_flip_rate_delta,confidence_shift_mean_delta,reasoning_similarity_mean_delta,reasoning_similarity_median_delta,reasoning_similarity_lt_080_delta,reasoning_similarity_lt_065_delta
llama,classification,195,0,0,0,0,0,0.0,0.05641025641025641,0.7949615384615384,0.8963,77,49,195,0,0,0,0,0,0.0,0.02564102564102564,0.8512661538461539,0.9221,65,28,0,0,0,0,0,0,0.0,-0.03076923076923077,0.05630461538461551,0.025800000000000045,-12,-21
llama,decision_answering,195,0,0,1,0,1,0.005128205128205128,0.06666666666666667,0.7896707692307692,0.831,88,48,195,0,0,11,0,11,0.05641025641025641,0.20512820512820512,0.7441128205128207,0.7544,105,62,0,0,0,10,0,10,0.05128205128205128,0.13846153846153847,-0.04555794871794849,-0.0766,17,14
llama,recommendation,174,0,0,0,0,0,0.0,0.040229885057471264,0.6058959770114941,0.6432,121,87,174,0,0,0,2,0,0.0,0.04597701149425287,0.5236091954022989,0.52365,139,116,0,0,0,0,2,0,0.0,0.005747126436781609,-0.08228678160919523,-0.11955000000000005,18,29
mistral,classification,195,1,0,0,0,1,0.005128205128205128,0.010256410256410256,0.7943225641025641,0.8589,80,48,195,1,0,0,0,1,0.005128205128205128,0.005128205128205128,0.8600994871794873,1.0,54,33,0,0,0,0,0,0,0.0,-0.005128205128205128,0.06577692307692318,0.1411,-26,-15
mistral,decision_answering,195,0,0,0,0,0,0.0,0.12307692307692308,0.8208451282051281,0.8618,72,39,195,0,0,1,0,1,0.005128205128205128,0.10256410256410256,0.8313235897435898,0.9258,70,41,0,0,0,1,0,1,0.005128205128205128,-0.020512820512820523,0.010478461538461659,0.06399999999999995,-2,2
mistral,recommendation,174,0,0,0,0,0,0.0,0.08045977011494253,0.7575057471264368,0.8268500000000001,79,55,174,0,0,0,0,0,0.0,0.06321839080459771,0.7019132183908046,0.6976,106,77,0,0,0,0,0,0,0.0,-0.01724137931034482,-0.05559252873563225,-0.1292500000000001,27,22
qwen,classification,195,0,0,0,0,0,0.0,0.0,0.8063538461538462,0.8696,79,51,195,0,0,0,0,0,0.0,0.0,0.7406138461538461,0.766,103,69,0,0,0,0,0,0,0.0,0.0,-0.06574000000000013,-0.10360000000000003,24,18
qwen,decision_answering,195,0,0,3,0,3,0.015384615384615385,0.015384615384615385,0.7841420512820512,0.8257,91,58,195,0,0,7,0,7,0.035897435897435895,0.06153846153846154,0.7726630769230769,0.796,98,60,0,0,0,4,0,4,0.02051282051282051,0.046153846153846156,-0.01147897435897427,-0.02969999999999995,7,2
qwen,recommendation,174,0,4,0,4,4,0.022988505747126436,0.0,0.807782183908046,0.84255,73,36,174,0,0,0,0,0,0.0,0.0,0.7807126436781608,0.8258000000000001,76,51,0,0,-4,0,-4,-4,-0.022988505747126436,0.0,-0.02706954022988517,-0.01674999999999993,3,15
